,y_true,y_pred,proba_caliente,proba_frio,proba_tibio,score_max,pred_clase_score
176,frio,frio,0.019464445068637277,0.9208558211029015,0.05967973382846125,0.9208558211029015,frio
2835,tibio,tibio,0.17494878786934356,0.011451247313974061,0.8135999648166824,0.8135999648166824,tibio
2992,tibio,caliente,0.7699814881229573,0.018517083376686613,0.21150142850035594,0.7699814881229573,caliente
881,frio,tibio,0.015626843448738572,0.24586289863223187,0.7385102579190296,0.7385102579190296,tibio
245,frio,tibio,0.018316254784267974,0.37567517597936956,0.6060085692363625,0.6060085692363625,tibio
2191,frio,tibio,0.015092157625965866,0.49188379379342795,0.49302404858060617,0.49302404858060617,tibio
2699,frio,frio,0.0172470555884852,0.9112439022041435,0.07150904220737125,0.9112439022041435,frio
1353,caliente,caliente,0.8376980300383411,0.015093169361449055,0.14720880060020997,0.8376980300383411,caliente
2237,tibio,tibio,0.19337295863325601,0.03022851877238589,0.776398522594358,0.776398522594358,tibio
2557,frio,tibio,0.018271942011150743,0.43102442659159884,0.5507036313972504,0.5507036313972504,tibio
2676,frio,tibio,0.018271942011150743,0.43102442659159884,0.5507036313972504,0.5507036313972504,tibio
2925,tibio,tibio,0.03127067244771583,0.2984688433917059,0.6702604841605782,0.6702604841605782,tibio
2458,tibio,tibio,0.02298204494932024,0.12555468241688897,0.8514632726337908,0.8514632726337908,tibio
2712,caliente,caliente,0.8304093435244452,0.02141957225923943,0.1481710842163155,0.8304093435244452,caliente
893,caliente,caliente,0.8301735842067849,0.02730101284110299,0.14252540295211222,0.8301735842067849,caliente
2346,tibio,tibio,0.30502258588043873,0.027343606267987954,0.6676338078515732,0.6676338078515732,tibio
1916,tibio,tibio,0.02357737863061722,0.41614706091560644,0.5602755604537762,0.5602755604537762,tibio
178,tibio,frio,0.023179038574416944,0.5204113925730262,0.4564095688525569,0.5204113925730262,frio
610,tibio,tibio,0.02628540674985076,0.13280794757990164,0.8409066456702478,0.8409066456702478,tibio
2514,frio,frio,0.027807025389881192,0.9198071443358864,0.05238583027423247,0.9198071443358864,frio
231,caliente,caliente,0.7902361709395662,0.010418961016197159,0.1993448680442366,0.7902361709395662,caliente
1913,tibio,tibio,0.02814984486195885,0.37190014979507807,0.599950005342963,0.599950005342963,tibio
346,frio,frio,0.02707707109753466,0.8996443182583623,0.07327861064410297,0.8996443182583623,frio
1060,frio,tibio,0.027527966509846107,0.44389202136716266,0.5285800121229912,0.5285800121229912,tibio
327,frio,frio,0.019639914638963463,0.9089847939911292,0.07137529136990724,0.9089847939911292,frio
1711,tibio,tibio,0.025479785034018737,0.2868864491856285,0.6876337657803528,0.6876337657803528,tibio
2198,frio,frio,0.016370149536097115,0.9089596320132496,0.07467021845065334,0.9089596320132496,frio
2952,tibio,tibio,0.03169902405489288,0.24264140481191454,0.7256595711331926,0.7256595711331926,tibio
2868,tibio,tibio,0.019695716134079482,0.39907729132088393,0.5812269925450365,0.5812269925450365,tibio
2612,tibio,tibio,0.489496926614814,0.011676668132870842,0.4988264052523152,0.4988264052523152,tibio
564,caliente,caliente,0.782644695023186,0.00965516359963984,0.2077001413771741,0.782644695023186,caliente
24,frio,tibio,0.03380987213143727,0.096995340808479,0.8691947870600837,0.8691947870600837,tibio
2891,tibio,caliente,0.831522474288176,0.01146351499305179,0.15701401071877197,0.831522474288176,caliente
662,tibio,tibio,0.021447475874822795,0.22710328192172188,0.7514492422034554,0.7514492422034554,tibio
2932,tibio,tibio,0.025440577583303235,0.2001062668390662,0.7744531555776306,0.7744531555776306,tibio
445,tibio,tibio,0.2037945177160422,0.013907786155929773,0.7822976961280279,0.7822976961280279,tibio
2793,caliente,caliente,0.7877263830307809,0.017748039361998435,0.19452557760722056,0.7877263830307809,caliente
2591,caliente,caliente,0.7953275747538783,0.018655403354597814,0.18601702189152372,0.7953275747538783,caliente
2519,tibio,tibio,0.23158904346680365,0.0127435824124741,0.7556673741207223,0.7556673741207223,tibio
2106,tibio,tibio,0.014982435422310503,0.48513364823015176,0.4998839163475377,0.4998839163475377,tibio
165,caliente,caliente,0.8053381823426434,0.015333834748778426,0.1793279829085781,0.8053381823426434,caliente
342,tibio,tibio,0.03166490693634313,0.20403471818902652,0.7643003748746304,0.7643003748746304,tibio
21,tibio,tibio,0.021833780213315307,0.2773665344731189,0.7007996853135658,0.7007996853135658,tibio
981,tibio,tibio,0.1568670353805303,0.03261856025123771,0.8105144043682321,0.8105144043682321,tibio
1818,frio,tibio,0.026970043258500696,0.3052695557668672,0.6677604009746321,0.6677604009746321,tibio
2268,caliente,caliente,0.831522474288176,0.01146351499305179,0.15701401071877197,0.831522474288176,caliente
824,tibio,tibio,0.018790583814149314,0.44785280311848,0.5333566130673706,0.5333566130673706,tibio
2284,caliente,caliente,0.49722932483672505,0.006630531643657502,0.4961401435196174,0.49722932483672505,caliente
1029,frio,tibio,0.017319495768908,0.3567714878248114,0.6259090164062807,0.6259090164062807,tibio
1510,tibio,caliente,0.5061939732229149,0.01606722762515259,0.4777387991519324,0.5061939732229149,caliente
2065,tibio,tibio,0.22980778710675365,0.019295147658574555,0.7508970652346717,0.7508970652346717,tibio
744,tibio,tibio,0.30502258588043873,0.027343606267987954,0.6676338078515732,0.6676338078515732,tibio
2965,tibio,tibio,0.31678512742033393,0.0308989400164687,0.6523159325631974,0.6523159325631974,tibio
99,caliente,caliente,0.8161961188600971,0.02813948893638561,0.15566439220351713,0.8161961188600971,caliente
475,caliente,caliente,0.8376980300383411,0.015093169361449055,0.14720880060020997,0.8376980300383411,caliente
1222,frio,tibio,0.032306946711586564,0.27188942686483725,0.6958036264235762,0.6958036264235762,tibio
2390,tibio,caliente,0.7877263830307809,0.017748039361998435,0.19452557760722056,0.7877263830307809,caliente
2700,frio,frio,0.018513080279617847,0.9131081788672372,0.06837874085314503,0.9131081788672372,frio
1638,tibio,tibio,0.30502258588043873,0.027343606267987954,0.6676338078515732,0.6676338078515732,tibio
2787,caliente,caliente,0.761598327961357,0.017608636766986537,0.2207930352716565,0.761598327961357,caliente
144,frio,frio,0.02241471495639206,0.9003560957214498,0.07722918932215816,0.9003560957214498,frio
1906,caliente,caliente,0.8086828278349376,0.009665260441275334,0.18165191172378695,0.8086828278349376,caliente
1095,tibio,frio,0.019321840584306253,0.5043164686296538,0.4763616907860399,0.5043164686296538,frio
2145,tibio,tibio,0.0248343700315906,0.25870724034025305,0.7164583896281563,0.7164583896281563,tibio
2761,tibio,tibio,0.019695716134079482,0.39907729132088393,0.5812269925450365,0.5812269925450365,tibio
1578,tibio,tibio,0.26257502523222853,0.01875105887059559,0.7186739158971758,0.7186739158971758,tibio
2724,tibio,tibio,0.1743676210235728,0.02236523084371649,0.8032671481327108,0.8032671481327108,tibio
2467,frio,tibio,0.01752493926353804,0.30849228474111673,0.6739827759953451,0.6739827759953451,tibio
2502,tibio,tibio,0.2509259582318962,0.008621378583172525,0.7404526631849313,0.7404526631849313,tibio
425,frio,tibio,0.034061190473944,0.3307214430450171,0.6352173664810389,0.6352173664810389,tibio
2409,caliente,caliente,0.7990896308888087,0.018057776434796217,0.1828525926763951,0.7990896308888087,caliente
2021,caliente,caliente,0.8128935157953342,0.010508354727613795,0.17659812947705197,0.8128935157953342,caliente
2163,tibio,tibio,0.34765693807260484,0.029627641531358107,0.622715420396037,0.622715420396037,tibio
2694,caliente,tibio,0.19337295863325601,0.03022851877238589,0.776398522594358,0.776398522594358,tibio
275,caliente,caliente,0.8133683001354401,0.017374677502155315,0.16925702236240459,0.8133683001354401,caliente
236,tibio,tibio,0.01630203433018859,0.242728732390778,0.7409692332790335,0.7409692332790335,tibio
353,frio,tibio,0.02382874688709725,0.14440698392226903,0.8317642691906336,0.8317642691906336,tibio
538,caliente,tibio,0.25777511595326214,0.01278638301446502,0.7294385010322729,0.7294385010322729,tibio
1355,frio,tibio,0.02153708395382541,0.34916015773360787,0.6293027583125667,0.6293027583125667,tibio
2504,frio,tibio,0.03098477924430713,0.21116930976601853,0.7578459109896744,0.7578459109896744,tibio
989,tibio,tibio,0.0248343700315906,0.25870724034025305,0.7164583896281563,0.7164583896281563,tibio
2445,caliente,tibio,0.25777511595326214,0.01278638301446502,0.7294385010322729,0.7294385010322729,tibio
454,tibio,caliente,0.7991113910394668,0.0063552555720838505,0.19453335338844932,0.7991113910394668,caliente
2766,tibio,tibio,0.014057789836207346,0.39327054369850534,0.5926716664652872,0.5926716664652872,tibio
1451,tibio,tibio,0.20978262071767237,0.013154654795362429,0.7770627244869651,0.7770627244869651,tibio
584,tibio,tibio,0.014982435422310503,0.48513364823015176,0.4998839163475377,0.4998839163475377,tibio
2798,tibio,caliente,0.5384029197748931,0.02078740139321356,0.44080967883189337,0.5384029197748931,caliente
2933,caliente,tibio,0.43091780511316635,0.024285208976847175,0.5447969859099865,0.5447969859099865,tibio
2272,tibio,caliente,0.5061939732229149,0.01606722762515259,0.4777387991519324,0.5061939732229149,caliente
1841,caliente,tibio,0.36159651387759423,0.018122771052576318,0.6202807150698295,0.6202807150698295,tibio
1144,tibio,tibio,0.01770365807811644,0.2615580897775813,0.7207382521443022,0.7207382521443022,tibio
1052,tibio,caliente,0.5061939732229149,0.01606722762515259,0.4777387991519324,0.5061939732229149,caliente
2907,frio,frio,0.01336542199452974,0.5028960509758827,0.48373852702958753,0.5028960509758827,frio
36,tibio,tibio,0.0182938627569673,0.3966792854981142,0.5850268517449185,0.5850268517449185,tibio
2590,caliente,caliente,0.7902361709395662,0.010418961016197159,0.1993448680442366,0.7902361709395662,caliente
1957,frio,frio,0.021083851173948343,0.9045065018596784,0.07440964696637313,0.9045065018596784,frio
851,frio,tibio,0.016654586026616503,0.2591234925253166,0.7242219214480669,0.7242219214480669,tibio
2568,tibio,caliente,0.8228981304308687,0.010729740338604998,0.1663721292305263,0.8228981304308687,caliente
1888,tibio,tibio,0.17204331560450214,0.014757042747291537,0.8131996416482062,0.8131996416482062,tibio
447,caliente,caliente,0.8680986141043746,0.01278660123094807,0.11911478466467734,0.8680986141043746,caliente
917,frio,tibio,0.034944120320478105,0.18554498561597735,0.7795108940635446,0.7795108940635446,tibio
2073,tibio,frio,0.023179038574416944,0.5204113925730262,0.4564095688525569,0.5204113925730262,frio
688,tibio,tibio,0.016136954339277018,0.21602525098431324,0.7678377946764097,0.7678377946764097,tibio
2655,frio,tibio,0.027527966509846107,0.44389202136716266,0.5285800121229912,0.5285800121229912,tibio
2953,caliente,caliente,0.816973957717436,0.006987596087046628,0.17603844619551742,0.816973957717436,caliente
2214,caliente,caliente,0.8193052513024691,0.015091084112372246,0.16560366458515863,0.8193052513024691,caliente
2998,tibio,tibio,0.4335697566475818,0.018173433078672644,0.5482568102737456,0.5482568102737456,tibio
1828,caliente,tibio,0.34765693807260484,0.029627641531358107,0.622715420396037,0.622715420396037,tibio
1228,caliente,caliente,0.7699814881229573,0.018517083376686613,0.21150142850035594,0.7699814881229573,caliente
161,tibio,tibio,0.21726491655201818,0.005415794708898076,0.7773192887390837,0.7773192887390837,tibio
1480,tibio,tibio,0.025876253056643508,0.23175212439748516,0.7423716225458713,0.7423716225458713,tibio
2900,tibio,tibio,0.25777511595326214,0.01278638301446502,0.7294385010322729,0.7294385010322729,tibio
2697,tibio,tibio,0.0182938627569673,0.3966792854981142,0.5850268517449185,0.5850268517449185,tibio
1093,caliente,caliente,0.761598327961357,0.017608636766986537,0.2207930352716565,0.761598327961357,caliente
1150,tibio,tibio,0.022385341419253163,0.4091317976780476,0.5684828609026993,0.5684828609026993,tibio
302,frio,frio,0.015135473664695748,0.9210243447599216,0.06384018157538271,0.9210243447599216,frio
1575,caliente,caliente,0.8571169337589551,0.011911114658099709,0.13097195158294514,0.8571169337589551,caliente
2294,caliente,caliente,0.8487955860986149,0.011635758676871279,0.13956865522451384,0.8487955860986149,caliente
2109,tibio,tibio,0.027598275427947933,0.47704868556172414,0.495353039010328,0.495353039010328,tibio
393,tibio,tibio,0.018805943031576663,0.4885438695801523,0.49265018738827115,0.49265018738827115,tibio
1652,tibio,tibio,0.021833780213315307,0.2773665344731189,0.7007996853135658,0.7007996853135658,tibio
1046,frio,frio,0.02572212374323031,0.91679233372811,0.0574855425286599,0.91679233372811,frio
1513,frio,tibio,0.023051957414212117,0.17241471980956338,0.8045333227762245,0.8045333227762245,tibio
1269,frio,frio,0.016539010046883934,0.9121913012212844,0.07126968873183163,0.9121913012212844,frio
588,frio,tibio,0.01752493926353804,0.30849228474111673,0.6739827759953451,0.6739827759953451,tibio
949,frio,tibio,0.018790583814149314,0.44785280311848,0.5333566130673706,0.5333566130673706,tibio
37,tibio,tibio,0.02814984486195885,0.37190014979507807,0.599950005342963,0.599950005342963,tibio
2632,frio,frio,0.019321840584306253,0.5043164686296538,0.4763616907860399,0.5043164686296538,frio
1710,tibio,caliente,0.8228981304308687,0.010729740338604998,0.1663721292305263,0.8228981304308687,caliente
1492,tibio,tibio,0.023660924817413543,0.18741570877413705,0.7889233664084494,0.7889233664084494,tibio
1958,tibio,tibio,0.3618563192353553,0.017517018559235594,0.6206266622054091,0.6206266622054091,tibio
228,frio,frio,0.028451334723235282,0.5343063460926095,0.43724231918415524,0.5343063460926095,frio
684,frio,tibio,0.017319495768908,0.3567714878248114,0.6259090164062807,0.6259090164062807,tibio
1912,caliente,tibio,0.23492227412110564,0.017426505011813125,0.7476512208670812,0.7476512208670812,tibio
417,caliente,caliente,0.8167255668626566,0.009987280695065803,0.17328715244227763,0.8167255668626566,caliente
340,tibio,tibio,0.020907192336783332,0.2082592629219491,0.7708335447412674,0.7708335447412674,tibio
255,tibio,tibio,0.022385341419253163,0.4091317976780476,0.5684828609026993,0.5684828609026993,tibio
1948,tibio,tibio,0.3706754733279635,0.0067887788293123546,0.6225357478427241,0.6225357478427241,tibio
2332,caliente,caliente,0.7927283766657864,0.01715401666945107,0.1901176066647624,0.7927283766657864,caliente
1815,tibio,tibio,0.016285378416562007,0.3562637628241739,0.6274508587592641,0.6274508587592641,tibio
745,caliente,tibio,0.21787162301711502,0.02270124595907307,0.759427131023812,0.759427131023812,tibio
1011,caliente,tibio,0.23591707954379185,0.01654390861194395,0.7475390118442643,0.7475390118442643,tibio
1309,tibio,tibio,0.2427685607828154,0.02223151107223688,0.7349999281449477,0.7349999281449477,tibio
1561,tibio,tibio,0.14315991593245217,0.02034698890074656,0.8364930951668011,0.8364930951668011,tibio
805,tibio,tibio,0.4032112101205918,0.021474859226534027,0.5753139306528742,0.5753139306528742,tibio
286,tibio,tibio,0.02382874688709725,0.14440698392226903,0.8317642691906336,0.8317642691906336,tibio
690,frio,tibio,0.016804988600715765,0.211723957063677,0.7714710543356071,0.7714710543356071,tibio
2556,caliente,caliente,0.8001791948748643,0.026546900608465998,0.1732739045166695,0.8001791948748643,caliente
2261,caliente,caliente,0.8193052513024691,0.015091084112372246,0.16560366458515863,0.8193052513024691,caliente
1465,caliente,tibio,0.34765693807260484,0.029627641531358107,0.622715420396037,0.622715420396037,tibio
751,tibio,tibio,0.014062571099591544,0.4268500272029001,0.5590874016975084,0.5590874016975084,tibio
100,caliente,tibio,0.3011630151146685,0.0181858812996868,0.6806511035856447,0.6806511035856447,tibio
2814,frio,tibio,0.03098477924430713,0.21116930976601853,0.7578459109896744,0.7578459109896744,tibio
2,tibio,tibio,0.013374193154716102,0.4722167126410133,0.5144090942042706,0.5144090942042706,tibio
1590,caliente,caliente,0.7877263830307809,0.017748039361998435,0.19452557760722056,0.7877263830307809,caliente
399,frio,tibio,0.017038734081984076,0.2769140515328813,0.7060472143851347,0.7060472143851347,tibio
1871,tibio,tibio,0.027598275427947933,0.47704868556172414,0.495353039010328,0.495353039010328,tibio
2301,frio,tibio,0.020430275897515657,0.2416278629049228,0.7379418611975614,0.7379418611975614,tibio
2840,tibio,frio,0.028451334723235282,0.5343063460926095,0.43724231918415524,0.5343063460926095,frio
468,tibio,caliente,0.818680592712834,0.006457143055126032,0.17486226423204,0.818680592712834,caliente
880,frio,tibio,0.02260307771921119,0.289461696642813,0.6879352256379757,0.6879352256379757,tibio
616,tibio,tibio,0.03169902405489288,0.24264140481191454,0.7256595711331926,0.7256595711331926,tibio
42,tibio,tibio,0.23492227412110564,0.017426505011813125,0.7476512208670812,0.7476512208670812,tibio
2182,caliente,caliente,0.8067068003279273,0.011511352358955727,0.18178184731311686,0.8067068003279273,caliente
2735,tibio,tibio,0.3108142136467254,0.028608547525295555,0.660577238827979,0.660577238827979,tibio
244,tibio,tibio,0.23787994500572038,0.007351684548878526,0.7547683704454012,0.7547683704454012,tibio
268,caliente,tibio,0.22401665094933967,0.01161440858984953,0.7643689404608107,0.7643689404608107,tibio
585,frio,frio,0.015457054296420159,0.9211519097674782,0.06339103593610172,0.9211519097674782,frio
1726,tibio,tibio,0.3011630151146685,0.0181858812996868,0.6806511035856447,0.6806511035856447,tibio
2052,caliente,tibio,0.3618563192353553,0.017517018559235594,0.6206266622054091,0.6206266622054091,tibio
2004,caliente,caliente,0.8086828278349376,0.009665260441275334,0.18165191172378695,0.8086828278349376,caliente
2347,tibio,caliente,0.8354877631876269,0.015852497223271363,0.1486597395891019,0.8354877631876269,caliente
79,frio,frio,0.022595509456090592,0.9036838000860702,0.07372069045783927,0.9036838000860702,frio
336,frio,frio,0.030694732211512653,0.9175719573821514,0.051733310406336,0.9175719573821514,frio
1152,tibio,tibio,0.1656389660729044,0.02459899697954131,0.8097620369475543,0.8097620369475543,tibio
2611,frio,tibio,0.017319495768908,0.3567714878248114,0.6259090164062807,0.6259090164062807,tibio
1324,caliente,caliente,0.8296176031379776,0.006595385744499936,0.1637870111175224,0.8296176031379776,caliente
1310,frio,frio,0.03108324144042038,0.9170093009894164,0.05190745757016324,0.9170093009894164,frio
1540,tibio,tibio,0.26895572585146993,0.01946864088213969,0.7115756332663903,0.7115756332663903,tibio
678,caliente,caliente,0.8550852103156726,0.02208942654655668,0.1228253631377708,0.8550852103156726,caliente
720,caliente,caliente,0.7953275747538783,0.018655403354597814,0.18601702189152372,0.7953275747538783,caliente
19,frio,frio,0.023632330036584784,0.8996173584896533,0.07675031147376185,0.8996173584896533,frio
2348,caliente,tibio,0.3011630151146685,0.0181858812996868,0.6806511035856447,0.6806511035856447,tibio
2282,caliente,caliente,0.7990896308888087,0.018057776434796217,0.1828525926763951,0.7990896308888087,caliente
1833,tibio,tibio,0.03169902405489288,0.24264140481191454,0.7256595711331926,0.7256595711331926,tibio
256,caliente,caliente,0.8058315978192422,0.009756190156006194,0.18441221202475155,0.8058315978192422,caliente
381,frio,frio,0.019321840584306253,0.5043164686296538,0.4763616907860399,0.5043164686296538,frio
2614,frio,frio,0.02241471495639206,0.9003560957214498,0.07722918932215816,0.9003560957214498,frio
2225,tibio,tibio,0.23170864238895084,0.010876560832993612,0.7574147967780555,0.7574147967780555,tibio
2603,frio,frio,0.022525694232717153,0.9066708604043665,0.07080344536291637,0.9066708604043665,frio
809,caliente,tibio,0.32675445622155636,0.017031180187824086,0.6562143635906195,0.6562143635906195,tibio
2811,frio,frio,0.021062603886458368,0.9112828087499333,0.06765458736360831,0.9112828087499333,frio
811,caliente,tibio,0.37141151440847936,0.016321573553057366,0.6122669120384633,0.6122669120384633,tibio
2180,tibio,tibio,0.01884059817518684,0.412356952838064,0.568802448986749,0.568802448986749,tibio
215,frio,frio,0.015135473664695748,0.9210243447599216,0.06384018157538271,0.9210243447599216,frio
572,caliente,caliente,0.8378564024129295,0.01004117573082678,0.15210242185624384,0.8378564024129295,caliente
614,frio,frio,0.021858809189383575,0.9142448076499207,0.06389638316069586,0.9142448076499207,frio
2229,frio,tibio,0.01520806518947822,0.31932590986260295,0.6654660249479188,0.6654660249479188,tibio
141,frio,tibio,0.03324798830805379,0.3521125166620049,0.6146394950299413,0.6146394950299413,tibio
1227,tibio,tibio,0.01630203433018859,0.242728732390778,0.7409692332790335,0.7409692332790335,tibio
2064,tibio,tibio,0.32300860434826967,0.016172604417443944,0.6608187912342863,0.6608187912342863,tibio
2592,tibio,tibio,0.013374193154716102,0.4722167126410133,0.5144090942042706,0.5144090942042706,tibio
1528,frio,tibio,0.019695716134079482,0.39907729132088393,0.5812269925450365,0.5812269925450365,tibio
2412,tibio,tibio,0.2554438871903479,0.01797631018274964,0.7265798026269025,0.7265798026269025,tibio
1072,frio,frio,0.023632330036584784,0.8996173584896533,0.07675031147376185,0.8996173584896533,frio
2090,caliente,tibio,0.20213608962128368,0.013944093004839135,0.7839198173738772,0.7839198173738772,tibio
1589,tibio,tibio,0.014057789836207346,0.39327054369850534,0.5926716664652872,0.5926716664652872,tibio
2936,frio,tibio,0.01709647648108779,0.3387136856078559,0.6441898379110563,0.6441898379110563,tibio
1279,frio,frio,0.01719632246591425,0.9195336367905385,0.06327004074354732,0.9195336367905385,frio
568,tibio,tibio,0.3573035235094662,0.027582275814800928,0.615114200675733,0.615114200675733,tibio
1812,frio,frio,0.020383227490240616,0.9149750871429548,0.06464168536680444,0.9149750871429548,frio
2904,tibio,tibio,0.23492227412110564,0.017426505011813125,0.7476512208670812,0.7476512208670812,tibio
145,frio,tibio,0.02153708395382541,0.34916015773360787,0.6293027583125667,0.6293027583125667,tibio
272,frio,frio,0.0172470555884852,0.9112439022041435,0.07150904220737125,0.9112439022041435,frio
2094,frio,tibio,0.014522369608141905,0.39625900471285025,0.5892186256790078,0.5892186256790078,tibio
1274,tibio,tibio,0.02145220473479458,0.1854085364802641,0.7931392587849414,0.7931392587849414,tibio
657,tibio,tibio,0.32274829651842446,0.016764491117337497,0.6604872123642381,0.6604872123642381,tibio
1919,tibio,tibio,0.02153708395382541,0.34916015773360787,0.6293027583125667,0.6293027583125667,tibio
2011,tibio,tibio,0.015775183598991768,0.4803317118401638,0.5038931045608444,0.5038931045608444,tibio
314,tibio,caliente,0.8059898145012449,0.027601051850516364,0.16640913364823887,0.8059898145012449,caliente
1592,caliente,tibio,0.21780820193256678,0.02900491840959014,0.7531868796578433,0.7531868796578433,tibio
1908,caliente,caliente,0.4938688037868157,0.017665364786079715,0.48846583142710465,0.4938688037868157,caliente
2246,tibio,tibio,0.023660924817413543,0.18741570877413705,0.7889233664084494,0.7889233664084494,tibio
896,tibio,tibio,0.2682119291531282,0.01767033976548021,0.7141177310813916,0.7141177310813916,tibio
1902,tibio,tibio,0.015662023087731614,0.24330023508031676,0.7410377418319515,0.7410377418319515,tibio
2157,frio,frio,0.02144182299543165,0.9149321305622383,0.06362604644233014,0.9149321305622383,frio
90,frio,frio,0.016370149536097115,0.9089596320132496,0.07467021845065334,0.9089596320132496,frio
522,frio,tibio,0.016136954339277018,0.21602525098431324,0.7678377946764097,0.7678377946764097,tibio
2918,frio,tibio,0.02056933337915266,0.2600809000142315,0.7193497666066159,0.7193497666066159,tibio
1584,frio,frio,0.01575809336587873,0.9120194150491785,0.07222249158494273,0.9120194150491785,frio
2113,tibio,tibio,0.4335697566475818,0.018173433078672644,0.5482568102737456,0.5482568102737456,tibio
1799,frio,frio,0.015502284294093288,0.9130113850211689,0.07148633068473778,0.9130113850211689,frio
624,caliente,tibio,0.3590502785651029,0.02238103976658568,0.6185686816683114,0.6185686816683114,tibio
839,frio,frio,0.02167546231768967,0.8989407418171474,0.07938379586516293,0.8989407418171474,frio
360,caliente,caliente,0.7972100309735164,0.0037424404343830357,0.19904752859210054,0.7972100309735164,caliente
2740,tibio,caliente,0.8487955860986149,0.011635758676871279,0.13956865522451384,0.8487955860986149,caliente
2312,frio,frio,0.01997196429886229,0.9057732042084785,0.07425483149265931,0.9057732042084785,frio
1134,tibio,tibio,0.022517417247728943,0.42915164186304056,0.5483309408892305,0.5483309408892305,tibio
1718,tibio,tibio,0.17528518981262498,0.018926837909438752,0.8057879722779363,0.8057879722779363,tibio
665,tibio,tibio,0.2037945177160422,0.013907786155929773,0.7822976961280279,0.7822976961280279,tibio
331,tibio,tibio,0.014486206950306372,0.48317211937294746,0.5023416736767461,0.5023416736767461,tibio
158,frio,frio,0.01499972635030671,0.9094690908936824,0.07553118275601083,0.9094690908936824,frio
1106,caliente,caliente,0.8161102466557337,0.020168733853171514,0.16372101949109483,0.8161102466557337,caliente
1477,tibio,tibio,0.019163732009194013,0.3833310401167025,0.5975052278741035,0.5975052278741035,tibio
756,frio,tibio,0.015195899310386266,0.3831187247512066,0.6016853759384072,0.6016853759384072,tibio
2641,tibio,tibio,0.02298204494932024,0.12555468241688897,0.8514632726337908,0.8514632726337908,tibio
1597,frio,frio,0.028098147250124883,0.9057087705376906,0.06619308221218444,0.9057087705376906,frio
1036,tibio,tibio,0.489496926614814,0.011676668132870842,0.4988264052523152,0.4988264052523152,tibio
2290,frio,frio,0.030694732211512653,0.9175719573821514,0.051733310406336,0.9175719573821514,frio
1545,tibio,tibio,0.18059636625152756,0.025173249409774844,0.7942303843386975,0.7942303843386975,tibio
1542,frio,tibio,0.028959757512390855,0.4313201861499622,0.539720056337647,0.539720056337647,tibio
2396,frio,frio,0.03108324144042038,0.9170093009894164,0.05190745757016324,0.9170093009894164,frio
1622,tibio,tibio,0.03127067244771583,0.2984688433917059,0.6702604841605782,0.6702604841605782,tibio
1748,frio,tibio,0.020907192336783332,0.2082592629219491,0.7708335447412674,0.7708335447412674,tibio
2841,frio,frio,0.016882654416240747,0.9115242361944568,0.07159310938930247,0.9115242361944568,frio
485,tibio,caliente,0.49722932483672505,0.006630531643657502,0.4961401435196174,0.49722932483672505,caliente
2442,frio,frio,0.022536773894986803,0.90292838243465,0.07453484367036319,0.90292838243465,frio
1369,caliente,caliente,0.8053381823426434,0.015333834748778426,0.1793279829085781,0.8053381823426434,caliente
1474,frio,tibio,0.027598275427947933,0.47704868556172414,0.495353039010328,0.495353039010328,tibio
2752,caliente,caliente,0.7902361709395662,0.010418961016197159,0.1993448680442366,0.7902361709395662,caliente
937,caliente,tibio,0.4335697566475818,0.018173433078672644,0.5482568102737456,0.5482568102737456,tibio
403,caliente,caliente,0.7877263830307809,0.017748039361998435,0.19452557760722056,0.7877263830307809,caliente
801,tibio,tibio,0.02260307771921119,0.289461696642813,0.6879352256379757,0.6879352256379757,tibio
2954,frio,frio,0.022479348464121585,0.9042257030302184,0.07329494850565989,0.9042257030302184,frio
2286,caliente,caliente,0.8354877631876269,0.015852497223271363,0.1486597395891019,0.8354877631876269,caliente
2083,caliente,tibio,0.22674457656168157,0.030875953521786292,0.7423794699165321,0.7423794699165321,tibio
45,frio,frio,0.015678865966900265,0.5708922113194069,0.41342892271369286,0.5708922113194069,frio
2414,frio,frio,0.019464445068637277,0.9208558211029015,0.05967973382846125,0.9208558211029015,frio
1010,caliente,tibio,0.4641067907073247,0.028713070957036863,0.5071801383356385,0.5071801383356385,tibio
457,tibio,tibio,0.015662023087731614,0.24330023508031676,0.7410377418319515,0.7410377418319515,tibio
1679,tibio,tibio,0.22980778710675365,0.019295147658574555,0.7508970652346717,0.7508970652346717,tibio
2456,frio,frio,0.021215531636337905,0.9045842329025037,0.07420023546115848,0.9045842329025037,frio
2542,frio,frio,0.016539010046883934,0.9121913012212844,0.07126968873183163,0.9121913012212844,frio
2043,tibio,tibio,0.24905741646331192,0.013503988883624219,0.7374385946530638,0.7374385946530638,tibio
1583,tibio,tibio,0.028959757512390855,0.4313201861499622,0.539720056337647,0.539720056337647,tibio
1334,tibio,tibio,0.022385341419253163,0.4091317976780476,0.5684828609026993,0.5684828609026993,tibio
1263,tibio,tibio,0.025876253056643508,0.23175212439748516,0.7423716225458713,0.7423716225458713,tibio
57,tibio,tibio,0.025876253056643508,0.23175212439748516,0.7423716225458713,0.7423716225458713,tibio
1849,frio,tibio,0.021447475874822795,0.22710328192172188,0.7514492422034554,0.7514492422034554,tibio
78,tibio,tibio,0.3011630151146685,0.0181858812996868,0.6806511035856447,0.6806511035856447,tibio
1712,tibio,tibio,0.01520806518947822,0.31932590986260295,0.6654660249479188,0.6654660249479188,tibio
2367,frio,frio,0.014962463089002504,0.911581101650783,0.0734564352602146,0.911581101650783,frio
222,tibio,caliente,0.49722932483672505,0.006630531643657502,0.4961401435196174,0.49722932483672505,caliente
1116,tibio,tibio,0.021134210761679286,0.2536635405296636,0.7252022487086572,0.7252022487086572,tibio
56,tibio,tibio,0.22980778710675365,0.019295147658574555,0.7508970652346717,0.7508970652346717,tibio
2955,tibio,tibio,0.024905742359711203,0.2941836343976633,0.6809106232426254,0.6809106232426254,tibio
2649,caliente,caliente,0.8304093435244452,0.02141957225923943,0.1481710842163155,0.8304093435244452,caliente
1610,frio,frio,0.015103251837455485,0.5231692946120332,0.4617274535505112,0.5231692946120332,frio
16,frio,frio,0.018513080279617847,0.9131081788672372,0.06837874085314503,0.9131081788672372,frio
2610,frio,frio,0.019149470300527383,0.9139368438044387,0.06691368589503392,0.9139368438044387,frio
1658,frio,tibio,0.014535038301671988,0.4291846878664325,0.5562802738318955,0.5562802738318955,tibio
356,tibio,tibio,0.018790583814149314,0.44785280311848,0.5333566130673706,0.5333566130673706,tibio
5,caliente,caliente,0.8167255668626566,0.009987280695065803,0.17328715244227763,0.8167255668626566,caliente
687,tibio,tibio,0.017038734081984076,0.2769140515328813,0.7060472143851347,0.7060472143851347,tibio
440,frio,tibio,0.014661656137657117,0.37957981735170837,0.6057585265106344,0.6057585265106344,tibio
1198,tibio,tibio,0.28273058862812517,0.029860310082796267,0.6874091012890786,0.6874091012890786,tibio
2940,caliente,caliente,0.8205682859667301,0.026522158832356497,0.1529095552009133,0.8205682859667301,caliente
2007,frio,frio,0.016998403575203765,0.9106367098837523,0.07236488654104407,0.9106367098837523,frio
2134,tibio,tibio,0.025440577583303235,0.2001062668390662,0.7744531555776306,0.7744531555776306,tibio
660,frio,tibio,0.020430275897515657,0.2416278629049228,0.7379418611975614,0.7379418611975614,tibio
1375,tibio,tibio,0.3152212086066423,0.0179326645195869,0.6668461268737708,0.6668461268737708,tibio
1015,caliente,tibio,0.4641067907073247,0.028713070957036863,0.5071801383356385,0.5071801383356385,tibio
619,frio,frio,0.014795634591383696,0.9104804302524121,0.07472393515620437,0.9104804302524121,frio
68,caliente,tibio,0.31451444200153256,0.011869654173125965,0.6736159038253415,0.6736159038253415,tibio
2747,frio,frio,0.01719632246591425,0.9195336367905385,0.06327004074354732,0.9195336367905385,frio
754,frio,frio,0.03465914745480426,0.9089758714636226,0.05636498108157322,0.9089758714636226,frio
974,caliente,caliente,0.8274146563998196,0.003928043406725657,0.16865730019345462,0.8274146563998196,caliente
140,tibio,tibio,0.327005584485677,0.02898357908676483,0.6440108364275582,0.6440108364275582,tibio
1882,tibio,tibio,0.23170864238895084,0.010876560832993612,0.7574147967780555,0.7574147967780555,tibio
1535,caliente,caliente,0.802070939622305,0.015821836787464304,0.18210722359023065,0.802070939622305,caliente
2227,tibio,tibio,0.023660924817413543,0.18741570877413705,0.7889233664084494,0.7889233664084494,tibio
1868,caliente,caliente,0.8053381823426434,0.015333834748778426,0.1793279829085781,0.8053381823426434,caliente
906,caliente,caliente,0.7991113910394668,0.0063552555720838505,0.19453335338844932,0.7991113910394668,caliente
1275,frio,frio,0.016882654416240747,0.9115242361944568,0.07159310938930247,0.9115242361944568,frio
1971,tibio,tibio,0.025706948342419975,0.24519948562230356,0.7290935660352765,0.7290935660352765,tibio
2751,tibio,tibio,0.016654586026616503,0.2591234925253166,0.7242219214480669,0.7242219214480669,tibio
772,frio,tibio,0.015626843448738572,0.24586289863223187,0.7385102579190296,0.7385102579190296,tibio
2975,caliente,caliente,0.8255594645564286,0.015458173591843457,0.1589823618517279,0.8255594645564286,caliente
1094,caliente,caliente,0.8304093435244452,0.02141957225923943,0.1481710842163155,0.8304093435244452,caliente
269,tibio,tibio,0.027598275427947933,0.47704868556172414,0.495353039010328,0.495353039010328,tibio
1252,caliente,caliente,0.7699814881229573,0.018517083376686613,0.21150142850035594,0.7699814881229573,caliente
461,caliente,tibio,0.23591707954379185,0.01654390861194395,0.7475390118442643,0.7475390118442643,tibio
668,tibio,tibio,0.020695346221145605,0.17788417477611462,0.8014204790027398,0.8014204790027398,tibio
1885,frio,tibio,0.021868987648817312,0.17711033453661176,0.801020677814571,0.801020677814571,tibio
436,caliente,caliente,0.8240564752608995,0.01768832780536168,0.15825519693373885,0.8240564752608995,caliente
1254,tibio,tibio,0.01752493926353804,0.30849228474111673,0.6739827759953451,0.6739827759953451,tibio
1937,tibio,caliente,0.5721476582067679,0.022020809926407495,0.4058315318668244,0.5721476582067679,caliente
1930,tibio,tibio,0.023660924817413543,0.18741570877413705,0.7889233664084494,0.7889233664084494,tibio
2968,frio,frio,0.015135473664695748,0.9210243447599216,0.06384018157538271,0.9210243447599216,frio
827,caliente,tibio,0.25985201193798396,0.022967018106504974,0.7171809699555111,0.7171809699555111,tibio
2299,frio,frio,0.019234669538560827,0.9151783135438617,0.0655870169175775,0.9151783135438617,frio
2008,tibio,caliente,0.8324106691691883,0.016360949550890822,0.1512283812799208,0.8324106691691883,caliente
2718,frio,frio,0.018136627669902837,0.9216917334864186,0.060171638843678654,0.9216917334864186,frio
1644,caliente,caliente,0.8067068003279273,0.011511352358955727,0.18178184731311686,0.8067068003279273,caliente
1758,caliente,tibio,0.37141151440847936,0.016321573553057366,0.6122669120384633,0.6122669120384633,tibio
2941,tibio,frio,0.015678865966900265,0.5708922113194069,0.41342892271369286,0.5708922113194069,frio
1981,tibio,tibio,0.31647778501667845,0.01891093761932854,0.664611277363993,0.664611277363993,tibio
1558,caliente,caliente,0.7699814881229573,0.018517083376686613,0.21150142850035594,0.7699814881229573,caliente
12,tibio,tibio,0.30401119543813365,0.010328022862116454,0.6856607816997499,0.6856607816997499,tibio
2210,frio,frio,0.02491011153027457,0.8978468468266848,0.07724304164304051,0.8978468468266848,frio
2253,tibio,tibio,0.17170890623880308,0.02474128830079714,0.8035498054603997,0.8035498054603997,tibio
1517,tibio,caliente,0.8161961188600971,0.02813948893638561,0.15566439220351713,0.8161961188600971,caliente
2296,caliente,caliente,0.8169969766037752,0.008995021770375365,0.17400800162584928,0.8169969766037752,caliente
2673,tibio,tibio,0.44918266748438057,0.01938903125894442,0.5314283012566751,0.5314283012566751,tibio
1230,tibio,tibio,0.025927218381667547,0.09070718656978732,0.8833655950485452,0.8833655950485452,tibio
1824,tibio,tibio,0.17494878786934356,0.011451247313974061,0.8135999648166824,0.8135999648166824,tibio
1086,frio,frio,0.021112639238848294,0.9120072601469146,0.0668801006142372,0.9120072601469146,frio
1569,caliente,caliente,0.7927283766657864,0.01715401666945107,0.1901176066647624,0.7927283766657864,caliente
1633,tibio,tibio,0.31328067874937865,0.019577329521767484,0.6671419917288538,0.6671419917288538,tibio
2589,caliente,caliente,0.8356119376532521,0.009038754006000406,0.15534930834074737,0.8356119376532521,caliente
2837,tibio,tibio,0.014522369608141905,0.39625900471285025,0.5892186256790078,0.5892186256790078,tibio
2881,tibio,tibio,0.39465099229357486,0.010644803954602829,0.5947042037518223,0.5947042037518223,tibio
1631,caliente,caliente,0.8161961188600971,0.02813948893638561,0.15566439220351713,0.8161961188600971,caliente
2928,caliente,caliente,0.8680986141043746,0.01278660123094807,0.11911478466467734,0.8680986141043746,caliente
528,tibio,tibio,0.014982435422310503,0.48513364823015176,0.4998839163475377,0.4998839163475377,tibio
1133,tibio,tibio,0.016015653698548352,0.2606527393321248,0.7233316069693269,0.7233316069693269,tibio
1874,tibio,tibio,0.22674457656168157,0.030875953521786292,0.7423794699165321,0.7423794699165321,tibio
26,tibio,tibio,0.3587232852464816,0.011967192520255125,0.6293095222332632,0.6293095222332632,tibio
936,caliente,caliente,0.4938688037868157,0.017665364786079715,0.48846583142710465,0.4938688037868157,caliente
73,caliente,caliente,0.8128935157953342,0.010508354727613795,0.17659812947705197,0.8128935157953342,caliente
146,caliente,tibio,0.4641067907073247,0.028713070957036863,0.5071801383356385,0.5071801383356385,tibio
652,frio,frio,0.022736302713822237,0.8991700833860442,0.07809361390013357,0.8991700833860442,frio
2016,frio,frio,0.017714365580014532,0.9228432981866276,0.05944233623335785,0.9228432981866276,frio
1992,frio,frio,0.016421230109206934,0.9204605605614115,0.06311820932938166,0.9204605605614115,frio
1371,tibio,tibio,0.18198815448262004,0.009708586808153093,0.8083032587092269,0.8083032587092269,tibio
702,caliente,caliente,0.8001791948748643,0.026546900608465998,0.1732739045166695,0.8001791948748643,caliente
13,frio,frio,0.022595509456090592,0.9036838000860702,0.07372069045783927,0.9036838000860702,frio
1983,tibio,tibio,0.028959757512390855,0.4313201861499622,0.539720056337647,0.539720056337647,tibio
1620,tibio,tibio,0.3940972205384268,0.022893131019021597,0.5830096484425517,0.5830096484425517,tibio
2987,caliente,tibio,0.14315991593245217,0.02034698890074656,0.8364930951668011,0.8364930951668011,tibio
1187,tibio,tibio,0.029462733443404877,0.320048881656035,0.6504883849005602,0.6504883849005602,tibio
663,tibio,tibio,0.020695346221145605,0.17788417477611462,0.8014204790027398,0.8014204790027398,tibio
2044,caliente,caliente,0.8475955739948846,0.021685436777993995,0.1307189892271213,0.8475955739948846,caliente
2123,frio,tibio,0.018271942011150743,0.43102442659159884,0.5507036313972504,0.5507036313972504,tibio
1922,frio,frio,0.013797202147429277,0.5529832753199951,0.4332195225325754,0.5529832753199951,frio
1112,tibio,tibio,0.34765693807260484,0.029627641531358107,0.622715420396037,0.622715420396037,tibio
605,caliente,tibio,0.3152212086066423,0.0179326645195869,0.6668461268737708,0.6668461268737708,tibio
1887,tibio,tibio,0.17494878786934356,0.011451247313974061,0.8135999648166824,0.8135999648166824,tibio
1814,tibio,tibio,0.014661656137657117,0.37957981735170837,0.6057585265106344,0.6057585265106344,tibio
1811,frio,tibio,0.022519425812077568,0.46266426695564694,0.5148163072322754,0.5148163072322754,tibio
758,frio,frio,0.027807025389881192,0.9198071443358864,0.05238583027423247,0.9198071443358864,frio
2989,tibio,tibio,0.19662487601183823,0.02908823379062725,0.7742868901975345,0.7742868901975345,tibio
1974,tibio,tibio,0.01752493926353804,0.30849228474111673,0.6739827759953451,0.6739827759953451,tibio
1351,frio,frio,0.022991955139093675,0.9193954989860679,0.0576125458748383,0.9193954989860679,frio
1414,frio,frio,0.01499972635030671,0.9094690908936824,0.07553118275601083,0.9094690908936824,frio
2723,frio,frio,0.016998403575203765,0.9106367098837523,0.07236488654104407,0.9106367098837523,frio
137,caliente,tibio,0.2037945177160422,0.013907786155929773,0.7822976961280279,0.7822976961280279,tibio
1872,tibio,tibio,0.31451444200153256,0.011869654173125965,0.6736159038253415,0.6736159038253415,tibio
2645,tibio,tibio,0.1568670353805303,0.03261856025123771,0.8105144043682321,0.8105144043682321,tibio
1122,tibio,tibio,0.02145220473479458,0.1854085364802641,0.7931392587849414,0.7931392587849414,tibio
1742,tibio,caliente,0.4938688037868157,0.017665364786079715,0.48846583142710465,0.4938688037868157,caliente
1498,tibio,frio,0.019321840584306253,0.5043164686296538,0.4763616907860399,0.5043164686296538,frio
2418,tibio,tibio,0.023051957414212117,0.17241471980956338,0.8045333227762245,0.8045333227762245,tibio
1304,frio,tibio,0.01770365807811644,0.2615580897775813,0.7207382521443022,0.7207382521443022,tibio
186,tibio,tibio,0.030594931528468927,0.27938261262478076,0.6900224558467504,0.6900224558467504,tibio
1376,caliente,caliente,0.8193052513024691,0.015091084112372246,0.16560366458515863,0.8193052513024691,caliente
2128,tibio,tibio,0.016136954339277018,0.21602525098431324,0.7678377946764097,0.7678377946764097,tibio
1135,frio,frio,0.028451334723235282,0.5343063460926095,0.43724231918415524,0.5343063460926095,frio
111,frio,frio,0.017115449145539956,0.9218566745772585,0.061027876277201465,0.9218566745772585,frio
2801,caliente,tibio,0.23158904346680365,0.0127435824124741,0.7556673741207223,0.7556673741207223,tibio
422,tibio,tibio,0.327005584485677,0.02898357908676483,0.6440108364275582,0.6440108364275582,tibio
1989,tibio,tibio,0.23591707954379185,0.01654390861194395,0.7475390118442643,0.7475390118442643,tibio
916,tibio,tibio,0.015662023087731614,0.24330023508031676,0.7410377418319515,0.7410377418319515,tibio
483,tibio,frio,0.015678865966900265,0.5708922113194069,0.41342892271369286,0.5708922113194069,frio
18,tibio,tibio,0.0182938627569673,0.3966792854981142,0.5850268517449185,0.5850268517449185,tibio
308,frio,frio,0.013797202147429277,0.5529832753199951,0.4332195225325754,0.5529832753199951,frio
2820,frio,tibio,0.02056933337915266,0.2600809000142315,0.7193497666066159,0.7193497666066159,tibio
2028,tibio,tibio,0.01709647648108779,0.3387136856078559,0.6441898379110563,0.6441898379110563,tibio
845,tibio,tibio,0.1656389660729044,0.02459899697954131,0.8097620369475543,0.8097620369475543,tibio
1432,tibio,tibio,0.2786622553940099,0.029821595650004407,0.6915161489559857,0.6915161489559857,tibio
1917,tibio,tibio,0.02260307771921119,0.289461696642813,0.6879352256379757,0.6879352256379757,tibio
2899,tibio,tibio,0.03169902405489288,0.24264140481191454,0.7256595711331926,0.7256595711331926,tibio
815,tibio,tibio,0.2380064204720155,0.00442243712680918,0.7575711424011754,0.7575711424011754,tibio
456,frio,frio,0.019234669538560827,0.9151783135438617,0.0655870169175775,0.9151783135438617,frio
876,tibio,caliente,0.49722932483672505,0.006630531643657502,0.4961401435196174,0.49722932483672505,caliente
1637,frio,frio,0.021112639238848294,0.9120072601469146,0.0668801006142372,0.9120072601469146,frio
2575,tibio,caliente,0.8434190543816449,0.020801779039492912,0.1357791665788623,0.8434190543816449,caliente
2292,caliente,caliente,0.8301735842067849,0.02730101284110299,0.14252540295211222,0.8301735842067849,caliente
2027,caliente,caliente,0.8434190543816449,0.020801779039492912,0.1357791665788623,0.8434190543816449,caliente
2783,frio,tibio,0.028959757512390855,0.4313201861499622,0.539720056337647,0.539720056337647,tibio
1892,frio,frio,0.01875426156187468,0.9138710372906415,0.06737470114748388,0.9138710372906415,frio
2764,tibio,tibio,0.3011630151146685,0.0181858812996868,0.6806511035856447,0.6806511035856447,tibio
2495,tibio,tibio,0.35482952973155,0.0212080193246606,0.6239624509437894,0.6239624509437894,tibio
2549,frio,frio,0.015103251837455485,0.5231692946120332,0.4617274535505112,0.5231692946120332,frio
2416,tibio,tibio,0.03541770693769547,0.08661868042059646,0.8779636126417082,0.8779636126417082,tibio
2169,tibio,tibio,0.01996431575614403,0.3174278815417774,0.6626078027020786,0.6626078027020786,tibio
74,tibio,tibio,0.03184623864109042,0.23714708093556,0.7310066804233496,0.7310066804233496,tibio
2159,frio,tibio,0.014982435422310503,0.48513364823015176,0.4998839163475377,0.4998839163475377,tibio
2923,tibio,tibio,0.02153708395382541,0.34916015773360787,0.6293027583125667,0.6293027583125667,tibio
1159,frio,tibio,0.02655280309038689,0.1469076151544053,0.8265395817552079,0.8265395817552079,tibio
695,frio,frio,0.016902577881806498,0.9189850066212966,0.06411241549689704,0.9189850066212966,frio
408,tibio,tibio,0.18918156880895717,0.013697768036995813,0.797120663154047,0.797120663154047,tibio
860,tibio,tibio,0.26895572585146993,0.01946864088213969,0.7115756332663903,0.7115756332663903,tibio
1041,frio,frio,0.016882654416240747,0.9115242361944568,0.07159310938930247,0.9115242361944568,frio
1596,tibio,tibio,0.016285378416562007,0.3562637628241739,0.6274508587592641,0.6274508587592641,tibio
675,tibio,tibio,0.015195899310386266,0.3831187247512066,0.6016853759384072,0.6016853759384072,tibio
781,frio,frio,0.0156910609614048,0.9203120384289961,0.06399690060959899,0.9203120384289961,frio
2577,caliente,tibio,0.3265482026979352,0.006719403163993703,0.6667323941380712,0.6667323941380712,tibio
1266,tibio,tibio,0.023660924817413543,0.18741570877413705,0.7889233664084494,0.7889233664084494,tibio
849,tibio,tibio,0.029142854931892812,0.12154403066238034,0.8493131144057268,0.8493131144057268,tibio
1734,tibio,tibio,0.489496926614814,0.011676668132870842,0.4988264052523152,0.4988264052523152,tibio
1670,caliente,caliente,0.8161961188600971,0.02813948893638561,0.15566439220351713,0.8161961188600971,caliente
150,caliente,caliente,0.8225277311167897,0.01589750419151491,0.16157476469169552,0.8225277311167897,caliente
2939,caliente,caliente,0.8470931127547928,0.01564455339297781,0.13726233385222944,0.8470931127547928,caliente
2969,tibio,caliente,0.8356119376532521,0.009038754006000406,0.15534930834074737,0.8356119376532521,caliente
1765,frio,frio,0.023179038574416944,0.5204113925730262,0.4564095688525569,0.5204113925730262,frio
190,tibio,tibio,0.014535038301671988,0.4291846878664325,0.5562802738318955,0.5562802738318955,tibio
1146,frio,frio,0.022479348464121585,0.9042257030302184,0.07329494850565989,0.9042257030302184,frio
2555,caliente,tibio,0.2758381809625839,0.02043060881619293,0.7037312102212231,0.7037312102212231,tibio
2460,caliente,tibio,0.24777750989558908,0.026469987969875628,0.7257525021345353,0.7257525021345353,tibio
1923,tibio,caliente,0.5384029197748931,0.02078740139321356,0.44080967883189337,0.5384029197748931,caliente
132,frio,tibio,0.021447475874822795,0.22710328192172188,0.7514492422034554,0.7514492422034554,tibio
2903,frio,frio,0.021112639238848294,0.9120072601469146,0.0668801006142372,0.9120072601469146,frio
2521,frio,tibio,0.015775183598991768,0.4803317118401638,0.5038931045608444,0.5038931045608444,tibio
1970,caliente,caliente,0.8680986141043746,0.01278660123094807,0.11911478466467734,0.8680986141043746,caliente
409,caliente,caliente,0.7877263830307809,0.017748039361998435,0.19452557760722056,0.7877263830307809,caliente
217,tibio,tibio,0.14315991593245217,0.02034698890074656,0.8364930951668011,0.8364930951668011,tibio
1954,tibio,tibio,0.2783137208425734,0.028588087564634077,0.6930981915927926,0.6930981915927926,tibio
1401,frio,frio,0.02028908580552575,0.9059884780537372,0.0737224361407371,0.9059884780537372,frio
405,tibio,tibio,0.023051957414212117,0.17241471980956338,0.8045333227762245,0.8045333227762245,tibio
1862,frio,frio,0.016421230109206934,0.9204605605614115,0.06311820932938166,0.9204605605614115,frio
2452,tibio,caliente,0.8550852103156726,0.02208942654655668,0.1228253631377708,0.8550852103156726,caliente
2558,tibio,tibio,0.2905378094899464,0.024515217241688286,0.6849469732683654,0.6849469732683654,tibio
617,tibio,tibio,0.28273058862812517,0.029860310082796267,0.6874091012890786,0.6874091012890786,tibio
2980,frio,tibio,0.014062571099591544,0.4268500272029001,0.5590874016975084,0.5590874016975084,tibio
2714,tibio,tibio,0.014057789836207346,0.39327054369850534,0.5926716664652872,0.5926716664652872,tibio
823,tibio,tibio,0.014062571099591544,0.4268500272029001,0.5590874016975084,0.5590874016975084,tibio
2063,frio,frio,0.02192169729905177,0.9145866150617034,0.06349168763924483,0.9145866150617034,frio
1243,tibio,tibio,0.030594931528468927,0.27938261262478076,0.6900224558467504,0.6900224558467504,tibio
1778,frio,frio,0.015678865966900265,0.5708922113194069,0.41342892271369286,0.5708922113194069,frio
305,caliente,caliente,0.7990896308888087,0.018057776434796217,0.1828525926763951,0.7990896308888087,caliente
1344,caliente,tibio,0.3265482026979352,0.006719403163993703,0.6667323941380712,0.6667323941380712,tibio
2654,caliente,caliente,0.7972100309735164,0.0037424404343830357,0.19904752859210054,0.7972100309735164,caliente
2293,caliente,caliente,0.8324106691691883,0.016360949550890822,0.1512283812799208,0.8324106691691883,caliente
1945,caliente,caliente,0.7991113910394668,0.0063552555720838505,0.19453335338844932,0.7991113910394668,caliente
1490,caliente,caliente,0.5721476582067679,0.022020809926407495,0.4058315318668244,0.5721476582067679,caliente
1603,tibio,tibio,0.02357737863061722,0.41614706091560644,0.5602755604537762,0.5602755604537762,tibio
2267,caliente,caliente,0.7953275747538783,0.018655403354597814,0.18601702189152372,0.7953275747538783,caliente
254,frio,tibio,0.024905742359711203,0.2941836343976633,0.6809106232426254,0.6809106232426254,tibio
1536,frio,tibio,0.03290492891306881,0.31784246502616237,0.6492526060607688,0.6492526060607688,tibio
2308,tibio,tibio,0.022609159152398643,0.2999569105663481,0.6774339302812532,0.6774339302812532,tibio
2609,frio,frio,0.027807025389881192,0.9198071443358864,0.05238583027423247,0.9198071443358864,frio
549,tibio,tibio,0.31328067874937865,0.019577329521767484,0.6671419917288538,0.6671419917288538,tibio
167,frio,tibio,0.02153708395382541,0.34916015773360787,0.6293027583125667,0.6293027583125667,tibio
1074,tibio,tibio,0.4641067907073247,0.028713070957036863,0.5071801383356385,0.5071801383356385,tibio
897,caliente,tibio,0.2554438871903479,0.01797631018274964,0.7265798026269025,0.7265798026269025,tibio
1114,caliente,caliente,0.8550852103156726,0.02208942654655668,0.1228253631377708,0.8550852103156726,caliente
1361,tibio,tibio,0.4641067907073247,0.028713070957036863,0.5071801383356385,0.5071801383356385,tibio
957,tibio,tibio,0.028959757512390855,0.4313201861499622,0.539720056337647,0.539720056337647,tibio
2552,caliente,tibio,0.31451444200153256,0.011869654173125965,0.6736159038253415,0.6736159038253415,tibio
290,tibio,tibio,0.02260307771921119,0.289461696642813,0.6879352256379757,0.6879352256379757,tibio
2384,caliente,tibio,0.437124037369408,0.022837185155290356,0.5400387774753016,0.5400387774753016,tibio
1312,tibio,tibio,0.025827010689149627,0.3547236859339218,0.6194493033769285,0.6194493033769285,tibio
2722,frio,frio,0.02342343019165789,0.9029737685950406,0.07360280121330139,0.9029737685950406,frio
1012,caliente,caliente,0.8228981304308687,0.010729740338604998,0.1663721292305263,0.8228981304308687,caliente
477,caliente,caliente,0.8053381823426434,0.015333834748778426,0.1793279829085781,0.8053381823426434,caliente
819,tibio,tibio,0.022385341419253163,0.4091317976780476,0.5684828609026993,0.5684828609026993,tibio
676,tibio,caliente,0.8058315978192422,0.009756190156006194,0.18441221202475155,0.8058315978192422,caliente
988,tibio,tibio,0.43871616318454154,0.012630956068600074,0.5486528807468584,0.5486528807468584,tibio
1019,tibio,tibio,0.02126654941438677,0.2723303279845148,0.7064031226010984,0.7064031226010984,tibio
1031,caliente,caliente,0.8680986141043746,0.01278660123094807,0.11911478466467734,0.8680986141043746,caliente
206,caliente,caliente,0.8324106691691883,0.016360949550890822,0.1512283812799208,0.8324106691691883,caliente
201,tibio,caliente,0.8606785325069448,0.012478233657949993,0.1268432338351051,0.8606785325069448,caliente
1090,tibio,tibio,0.015626843448738572,0.24586289863223187,0.7385102579190296,0.7385102579190296,tibio
789,frio,tibio,0.021833780213315307,0.2773665344731189,0.7007996853135658,0.7007996853135658,tibio
338,tibio,tibio,0.0182938627569673,0.3966792854981142,0.5850268517449185,0.5850268517449185,tibio
2564,tibio,tibio,0.02491413037764568,0.20485713566037766,0.7702287339619766,0.7702287339619766,tibio
719,tibio,tibio,0.43898728796519754,0.013254779979942724,0.5477579320548598,0.5477579320548598,tibio
2220,tibio,tibio,0.2783137208425734,0.028588087564634077,0.6930981915927926,0.6930981915927926,tibio
659,tibio,tibio,0.04735505671844354,0.2418222744149798,0.7108226688665766,0.7108226688665766,tibio
1846,caliente,caliente,0.5061939732229149,0.01606722762515259,0.4777387991519324,0.5061939732229149,caliente
503,tibio,tibio,0.2783137208425734,0.028588087564634077,0.6930981915927926,0.6930981915927926,tibio
2165,frio,tibio,0.0248343700315906,0.25870724034025305,0.7164583896281563,0.7164583896281563,tibio
2105,tibio,tibio,0.19750138995237473,0.022338326926590147,0.7801602831210351,0.7801602831210351,tibio
442,caliente,caliente,0.831522474288176,0.01146351499305179,0.15701401071877197,0.831522474288176,caliente
2013,tibio,caliente,0.8274146563998196,0.003928043406725657,0.16865730019345462,0.8274146563998196,caliente
1967,caliente,caliente,0.8133683001354401,0.017374677502155315,0.16925702236240459,0.8133683001354401,caliente
599,tibio,caliente,0.8378564024129295,0.01004117573082678,0.15210242185624384,0.8378564024129295,caliente
2794,caliente,caliente,0.8378564024129295,0.01004117573082678,0.15210242185624384,0.8378564024129295,caliente
86,frio,frio,0.0156910609614048,0.9203120384289961,0.06399690060959899,0.9203120384289961,frio
1294,frio,frio,0.021858809189383575,0.9142448076499207,0.06389638316069586,0.9142448076499207,frio
2658,tibio,frio,0.015103251837455485,0.5231692946120332,0.4617274535505112,0.5231692946120332,frio
2973,frio,frio,0.019432417070900234,0.9212839967744805,0.05928358615461946,0.9212839967744805,frio
1466,frio,frio,0.022670537023245046,0.9187250485503347,0.05860441442642033,0.9187250485503347,frio
1615,caliente,caliente,0.8296176031379776,0.006595385744499936,0.1637870111175224,0.8296176031379776,caliente
2813,frio,frio,0.02241471495639206,0.9003560957214498,0.07722918932215816,0.9003560957214498,frio
1543,caliente,tibio,0.17542230320082963,0.0320184759034995,0.7925592208956708,0.7925592208956708,tibio
2333,caliente,caliente,0.8452061943149012,0.009365025388320793,0.14542878029677794,0.8452061943149012,caliente
2599,tibio,tibio,0.3011630151146685,0.0181858812996868,0.6806511035856447,0.6806511035856447,tibio
1938,tibio,tibio,0.25924812358008237,0.013883555894082305,0.7268683205258354,0.7268683205258354,tibio
2042,tibio,frio,0.015103251837455485,0.5231692946120332,0.4617274535505112,0.5231692946120332,frio
337,frio,tibio,0.017612974656660202,0.2790935536144765,0.7032934717288634,0.7032934717288634,tibio
1745,frio,frio,0.01336542199452974,0.5028960509758827,0.48373852702958753,0.5028960509758827,frio
2587,frio,tibio,0.019163732009194013,0.3833310401167025,0.5975052278741035,0.5975052278741035,tibio
647,tibio,tibio,0.2263550833741521,0.011666952562710865,0.7619779640631369,0.7619779640631369,tibio
1844,caliente,tibio,0.3587232852464816,0.011967192520255125,0.6293095222332632,0.6293095222332632,tibio
453,frio,tibio,0.027527966509846107,0.44389202136716266,0.5285800121229912,0.5285800121229912,tibio
1848,caliente,tibio,0.22674457656168157,0.030875953521786292,0.7423794699165321,0.7423794699165321,tibio
1864,tibio,tibio,0.018271942011150743,0.43102442659159884,0.5507036313972504,0.5507036313972504,tibio
2865,tibio,tibio,0.15201574024179335,0.022154766850427624,0.8258294929077791,0.8258294929077791,tibio
721,tibio,tibio,0.016015653698548352,0.2606527393321248,0.7233316069693269,0.7233316069693269,tibio
1739,caliente,caliente,0.8571169337589551,0.011911114658099709,0.13097195158294514,0.8571169337589551,caliente
1272,tibio,tibio,0.016804988600715765,0.211723957063677,0.7714710543356071,0.7714710543356071,tibio
2859,tibio,tibio,0.20314234108941673,0.03882918656847158,0.7580284723421117,0.7580284723421117,tibio
252,tibio,tibio,0.023051957414212117,0.17241471980956338,0.8045333227762245,0.8045333227762245,tibio
1405,frio,frio,0.018136627669902837,0.9216917334864186,0.060171638843678654,0.9216917334864186,frio
1977,caliente,caliente,0.5061939732229149,0.01606722762515259,0.4777387991519324,0.5061939732229149,caliente
2823,caliente,tibio,0.26895572585146993,0.01946864088213969,0.7115756332663903,0.7115756332663903,tibio
931,caliente,tibio,0.437124037369408,0.022837185155290356,0.5400387774753016,0.5400387774753016,tibio
151,caliente,caliente,0.8470931127547928,0.01564455339297781,0.13726233385222944,0.8470931127547928,caliente
2386,frio,tibio,0.022519425812077568,0.46266426695564694,0.5148163072322754,0.5148163072322754,tibio
1832,caliente,tibio,0.2881286887600614,0.015885804349607974,0.6959855068903305,0.6959855068903305,tibio
2686,frio,frio,0.022595509456090592,0.9036838000860702,0.07372069045783927,0.9036838000860702,frio
198,tibio,tibio,0.17204331560450214,0.014757042747291537,0.8131996416482062,0.8131996416482062,tibio
2964,tibio,tibio,0.019695716134079482,0.39907729132088393,0.5812269925450365,0.5812269925450365,tibio
708,caliente,tibio,0.21780820193256678,0.02900491840959014,0.7531868796578433,0.7531868796578433,tibio
831,frio,tibio,0.022609159152398643,0.2999569105663481,0.6774339302812532,0.6774339302812532,tibio
2887,frio,tibio,0.018805943031576663,0.4885438695801523,0.49265018738827115,0.49265018738827115,tibio
2834,frio,tibio,0.022519425812077568,0.46266426695564694,0.5148163072322754,0.5148163072322754,tibio
2516,tibio,caliente,0.4938688037868157,0.017665364786079715,0.48846583142710465,0.4938688037868157,caliente
594,tibio,tibio,0.3011630151146685,0.0181858812996868,0.6806511035856447,0.6806511035856447,tibio
637,tibio,tibio,0.3590502785651029,0.02238103976658568,0.6185686816683114,0.6185686816683114,tibio
915,frio,frio,0.028451334723235282,0.5343063460926095,0.43724231918415524,0.5343063460926095,frio
122,frio,tibio,0.02260307771921119,0.289461696642813,0.6879352256379757,0.6879352256379757,tibio
1687,tibio,caliente,0.7699814881229573,0.018517083376686613,0.21150142850035594,0.7699814881229573,caliente
2593,tibio,tibio,0.025706948342419975,0.24519948562230356,0.7290935660352765,0.7290935660352765,tibio
1201,frio,tibio,0.023660924817413543,0.18741570877413705,0.7889233664084494,0.7889233664084494,tibio
351,tibio,tibio,0.29127211428439,0.014938490395379748,0.6937893953202302,0.6937893953202302,tibio
1881,caliente,caliente,0.8275496087698465,0.009805236047873011,0.16264515518228043,0.8275496087698465,caliente
1032,caliente,caliente,0.8053381823426434,0.015333834748778426,0.1793279829085781,0.8053381823426434,caliente
296,frio,frio,0.019321840584306253,0.5043164686296538,0.4763616907860399,0.5043164686296538,frio
2381,tibio,tibio,0.021792530679344682,0.26531664428976043,0.712890825030895,0.712890825030895,tibio
2193,tibio,tibio,0.1743676210235728,0.02236523084371649,0.8032671481327108,0.8032671481327108,tibio
2480,frio,tibio,0.026459155746212753,0.11569762149718932,0.857843222756598,0.857843222756598,tibio
71,tibio,tibio,0.26895572585146993,0.01946864088213969,0.7115756332663903,0.7115756332663903,tibio
924,tibio,tibio,0.34974969860211685,0.019367616156870614,0.6308826852410124,0.6308826852410124,tibio
193,tibio,tibio,0.28273058862812517,0.029860310082796267,0.6874091012890786,0.6874091012890786,tibio
1255,caliente,tibio,0.4641067907073247,0.028713070957036863,0.5071801383356385,0.5071801383356385,tibio
1691,caliente,tibio,0.44918266748438057,0.01938903125894442,0.5314283012566751,0.5314283012566751,tibio
2726,caliente,caliente,0.7991113910394668,0.0063552555720838505,0.19453335338844932,0.7991113910394668,caliente
2634,tibio,tibio,0.014535038301671988,0.4291846878664325,0.5562802738318955,0.5562802738318955,tibio
1238,tibio,tibio,0.018271942011150743,0.43102442659159884,0.5507036313972504,0.5507036313972504,tibio
1588,tibio,tibio,0.027527966509846107,0.44389202136716266,0.5285800121229912,0.5285800121229912,tibio
1964,tibio,tibio,0.489496926614814,0.011676668132870842,0.4988264052523152,0.4988264052523152,tibio
235,frio,frio,0.016539010046883934,0.9121913012212844,0.07126968873183163,0.9121913012212844,frio
2364,tibio,tibio,0.25985201193798396,0.022967018106504974,0.7171809699555111,0.7171809699555111,tibio
725,tibio,tibio,0.0248343700315906,0.25870724034025305,0.7164583896281563,0.7164583896281563,tibio
1141,tibio,tibio,0.018805943031576663,0.4885438695801523,0.49265018738827115,0.49265018738827115,tibio
911,caliente,tibio,0.2783137208425734,0.028588087564634077,0.6930981915927926,0.6930981915927926,tibio
840,tibio,tibio,0.3629664383363096,0.007281946790014173,0.6297516148736761,0.6297516148736761,tibio
1143,tibio,caliente,0.761598327961357,0.017608636766986537,0.2207930352716565,0.761598327961357,caliente
2337,frio,tibio,0.0344241214890541,0.4534505148256704,0.5121253636852756,0.5121253636852756,tibio
2492,frio,frio,0.0319464010490809,0.890748386965849,0.07730521198507,0.890748386965849,frio
220,frio,frio,0.021858809189383575,0.9142448076499207,0.06389638316069586,0.9142448076499207,frio
22,caliente,caliente,0.8475955739948846,0.021685436777993995,0.1307189892271213,0.8475955739948846,caliente
197,frio,frio,0.0282926523027065,0.9197281847020035,0.05197916299529004,0.9197281847020035,frio
1163,caliente,tibio,0.31328067874937865,0.019577329521767484,0.6671419917288538,0.6671419917288538,tibio
1184,caliente,tibio,0.2951030840955751,0.019354548788701065,0.6855423671157239,0.6855423671157239,tibio
1372,frio,frio,0.019321840584306253,0.5043164686296538,0.4763616907860399,0.5043164686296538,frio
707,caliente,caliente,0.8067068003279273,0.011511352358955727,0.18178184731311686,0.8067068003279273,caliente
